"Enzyme","Template","rA:dG","rA:dA","rA:dC","rT:dT","rT:dG","rT:dC","rC:dT","rC:dA","rC:dC","rG:dT","rG:dG","rG:dA","ErrorSub","Total","A","C","G","T"
"ProtoScript II Reverse Transcriptase","Regular",6.86774005772336e-06,4.95643504165884e-06,6.9649250585402e-06,1.39298501170804e-06,7.35366506180756e-06,2.23525501878732e-06,1.23101001034664e-06,2.62399502205468e-06,1.16622000980208e-06,3.79021503185676e-06,6.479000054456e-07,1.4577750122526e-06,1256,30868961,1.87891001579224e-05,5.0212250422034e-06,5.89589004955496e-06,1.09819050923029e-05
"ProtoScript II Reverse Transcriptase","N6mA",3.45230178790522e-05,2.59714446429567e-05,3.97665751308144e-05,4.92683231709205e-07,6.22892371518067e-06,2.67456611499283e-06,6.68641528748207e-07,2.18188288328362e-06,5.63066550524806e-07,2.99129104966303e-06,9.5017480401061e-07,1.68919965157442e-06,3373,28415824,0.000100261037652823,3.41359096255664e-06,5.63066550524806e-06,9.3961730618827e-06
"ProtoScript II Reverse Transcriptase","P-U",4.48604967281874e-06,6.65885807956661e-05,5.57830524533113e-06,1.63838335876858e-06,4.75911356594684e-06,1.05324644492266e-06,1.28730121046103e-06,3.35478497271663e-06,7.41173424204836e-07,3.27676671753717e-06,6.24146041435651e-07,3.15973933476799e-06,2475,25635026,7.66529357138159e-05,5.38325960738249e-06,7.06065209374081e-06,7.45074336963809e-06
"ProtoScript II Reverse Transcriptase","5mC",1.3457643695348e-05,4.7702886874e-06,6.43795058624715e-06,1.24105071542114e-06,1.50089570896244e-05,2.09427308227317e-06,1.4737477245626e-06,4.18854616454634e-06,1.04713654113658e-06,3.72315214626341e-06,1.0859193759935e-06,1.51253055941951e-06,1445,25784603,2.46658829689951e-05,6.70943043024552e-06,6.32160208167642e-06,1.83442808873187e-05
"ProtoScript II Reverse Transcriptase","5mU",6.25216741803825e-06,1.21801483773634e-05,5.97429331056989e-06,1.06518407862874e-06,5.65010685185679e-06,1.57461994232075e-06,1.01887172738401e-06,3.70498809957822e-06,9.26247024894556e-07,2.59349166970476e-06,6.48372917426189e-07,2.54717931846003e-06,953,21592512,2.44066091059716e-05,5.65010685185679e-06,5.78904390559098e-06,8.28991087280628e-06
"ProtoScript II Reverse Transcriptase","5hmU",7.83088546492601e-06,1.13163084753266e-06,1.05920647329057e-05,3.10972156901975e-05,7.37370660252281e-05,2.26326169506532e-05,1.85587458995356e-06,2.35379216286793e-06,1.31269178313789e-06,3.80227964770974e-06,3.62121871210451e-07,1.4032222509405e-06,3493,22092010,1.95545810453644e-05,5.52235853595938e-06,5.56762376986069e-06,0.000127466898666079
"M-MuLV Reverse Transcriptase","Regular",7.73101859500274e-06,6.72003924027161e-06,7.49314109977189e-06,2.14089745707768e-06,9.03934481877244e-06,2.6761218213471e-06,1.48673434519283e-06,3.03293806419338e-06,1.07044872853884e-06,4.63861115700164e-06,9.51509980923414e-07,1.66514246661597e-06,818,16815378,2.19441989350462e-05,5.59012113792506e-06,7.25526360454103e-06,1.38563640971972e-05
"M-MuLV Reverse Transcriptase","N6mA",2.46292609832776e-05,4.31213946395746e-05,3.16546567391634e-05,1.37277848103515e-06,6.94464408053074e-06,2.66480528671528e-06,9.69020104260103e-07,4.92585219665552e-06,7.26765078195077e-07,3.87608041704041e-06,5.6526172748506e-07,2.09954355923022e-06,1530,12383644,9.94053123620156e-05,6.6216373791107e-06,6.5408857037557e-06,1.09822278482812e-05
"M-MuLV Reverse Transcriptase","P-U",1.11065207406237e-05,5.45827039029337e-05,1.19833513254098e-05,1.60752273877449e-06,5.33405272411534e-06,9.49899800184924e-07,1.0960382309826e-06,4.45722213932926e-06,1.31524587717913e-06,4.5302913547281e-06,8.03761369387243e-07,3.94573763153737e-06,1392,13685654,7.76725759689672e-05,6.86850624749099e-06,9.27979035565272e-06,7.89147526307475e-06
"M-MuLV Reverse Transcriptase","5mC",1.55951130846129e-05,4.66755145138062e-06,6.31492255186789e-06,1.70228347050352e-06,2.41614428071467e-05,2.69070613079588e-06,1.59245873047103e-06,5.1617627815268e-06,5.49123700162425e-07,8.40159261248511e-06,1.26298451037358e-06,1.812108210536e-06,1346,18210833,2.65775870878614e-05,7.30334521216026e-06,1.14766853333947e-05,2.85544324084461e-05
"M-MuLV Reverse Transcriptase","5mU",5.79386195899223e-06,1.50758653014594e-05,6.03034612058375e-06,8.27694565570318e-07,1.37160813723081e-05,1.41890496954912e-06,8.27694565570318e-07,3.72462554506643e-06,9.45936646366078e-07,7.21276692854134e-06,1.12329976755972e-06,3.36989930267915e-06,1016,16914452,2.69000733810353e-05,5.49825675700283e-06,1.17059659987802e-05,1.59626809074276e-05
"M-MuLV Reverse Transcriptase","5hmU",6.76126149568119e-06,2.18545826123028e-06,1.20200204367666e-05,2.7386523836042e-05,8.37303696333853e-05,2.06935579110243e-05,2.18545826123028e-06,3.20989182118198e-06,1.16102470127859e-06,8.40035519160391e-06,6.14660135971018e-07,1.63909369592271e-06,2489,14642238,2.0966740193678e-05,6.55637478369085e-06,1.06541090234976e-05,0.000131810451380452
"AMV Reverse Transcriptase","Regular",5.92292444573991e-06,4.6665465330072e-06,7.53826747639625e-06,1.34611919221362e-06,2.27942849881506e-05,2.69223838442723e-06,1.61534303065634e-06,3.76913373819812e-06,4.48706397404539e-07,1.02305058608235e-05,9.87154074289985e-07,2.51275582546542e-06,719,11143144,1.81277384551434e-05,5.833183166259e-06,1.37304157605789e-05,2.68326425647914e-05
"AMV Reverse Transcriptase","N6mA",3.60633335778805e-05,2.36886602913528e-05,4.46372143549746e-05,8.83905234751972e-07,1.9269134117593e-05,2.65171570425592e-06,1.59102942255355e-06,3.0052777981567e-06,6.1873366432638e-07,1.07836438639741e-05,9.72295758227169e-07,9.72295758227169e-07,1642,11313430,0.000104389208224208,5.21504088503663e-06,1.27282353804284e-05,2.28047550566009e-05
"AMV Reverse Transcriptase","P-U",4.03850208698452e-06,6.19945495809027e-05,6.30573132880039e-06,1.13361462090793e-06,1.18321026057266e-05,2.83403655226984e-06,1.48786918994166e-06,3.82594934556428e-06,5.66807310453967e-07,1.24697608299873e-05,1.20446553471468e-06,2.19637832800912e-06,1551,14114144,7.23387829966876e-05,5.88062584595991e-06,1.58706046927111e-05,1.57997537789043e-05
"AMV Reverse Transcriptase","5mC",1.20549315156038e-05,3.3852889872586e-06,6.52287390227876e-06,1.07338431303321e-06,2.98070566926916e-05,3.13758491502016e-06,1.23852036119217e-06,3.05501689094069e-06,3.30272096317912e-07,1.08164111544116e-05,8.2568024079478e-07,1.73392850566904e-06,896,12111226,2.19630944051411e-05,4.62380934845077e-06,1.33760199008754e-05,3.40180259207449e-05
"AMV Reverse Transcriptase","5mU",5.14211028374669e-06,1.24015600960949e-05,6.04954151029022e-06,4.03302767352681e-07,2.04676154431486e-05,1.7140367612489e-06,2.41981660411609e-06,3.52889921433596e-06,6.04954151029022e-07,1.02842205674934e-05,1.41155968573438e-06,2.31899091227792e-06,662,9918107,2.35932118901319e-05,6.55366996948107e-06,1.40147711655057e-05,2.25849549717502e-05
"AMV Reverse Transcriptase","5hmU",6.08175990004593e-06,1.09335009439028e-06,1.33935386562809e-05,2.53520553136746e-05,8.81513513602164e-05,2.33703582675922e-05,2.11836580788117e-06,2.05003142698178e-06,1.43502199888724e-06,1.17535135146955e-05,4.78340666295748e-07,5.4667504719514e-07,2573,14633922,2.05686486507171e-05,5.60341923375019e-06,1.27785292281864e-05,0.000136873764941483
"Bst 2.0 DNA Polymerase","Regular",7.61263027465994e-06,1.15599200467058e-05,1.19358524059483e-05,4.98110375996268e-06,4.1916458055535e-05,4.04127286185651e-06,2.91347578412911e-06,1.2499750944812e-05,2.2555941554548e-06,1.22178016753802e-05,5.35703611920514e-06,4.41720522109898e-06,1295,10640212,3.11084027273141e-05,1.76688208843959e-05,2.19920430156843e-05,5.09388346773542e-05
"Bst 3.0 DNA Polymerase","Regular",8.32139980209928e-06,1.14419247278865e-05,1.02531533275866e-05,2.97192850074974e-06,4.93340131124457e-05,4.01210347601215e-06,2.08034995052482e-06,1.01788551150679e-05,1.78315710044985e-06,2.01348155925795e-05,5.64666415142451e-06,4.23499811356838e-06,1755,13459274,3.00164778575724e-05,1.40423621660425e-05,3.00164778575724e-05,5.63180450892076e-05
