"Enzyme","Template","dT:dC","dT:dT","dT:dG","dA:dA","dA:dC","dA:dG","dG:dA","dG:dT","dG:dG","dC:dA","dC:dC","dC:dT","ErrorSub","Total","A","C","G","T"
"ProtoScript II Reverse Transcriptase","Regular",3.17466086766267e-06,1.87888092167791e-06,1.91451487019249e-05,7.02960620696735e-06,1.07225790530239e-05,4.21128482445049e-07,2.59155989196953e-06,8.32538615295212e-06,2.26761490547334e-06,1.91127542032753e-06,2.91550487846572e-07,7.4507346894124e-07,1806,30869439,2.41986904912655e-05,1.3184560950395e-05,2.94789937711534e-06,1.81733137424363e-05
"ProtoScript II Reverse Transcriptase","N6mA",3.48388355467607e-06,1.9003001207324e-06,1.95660530949484e-05,6.79181339446951e-06,1.04868414070047e-05,1.05572228929578e-07,1.65396491989672e-06,8.2698245994836e-06,1.97068160668545e-06,1.82991863477935e-06,2.11144457859156e-07,5.98242630600941e-07,1616,28416564,2.49502367703569e-05,1.18944711260658e-05,2.63930572323945e-06,1.73842270304038e-05
"ProtoScript II Reverse Transcriptase","P-U",2.76962796328737e-06,2.8866544969474e-06,1.66957854688309e-05,6.6705124186217e-06,1.00642818947626e-05,5.07114979193463e-07,1.67738031579376e-06,7.25564508692185e-06,2.06746876132719e-06,2.02845991677385e-06,5.85132668300149e-07,7.41168046513522e-07,1383,25635212,2.23520679290657e-05,1.10004941640428e-05,3.35476063158752e-06,1.72419092925777e-05
"ProtoScript II Reverse Transcriptase","5mC",3.7619079900909e-06,2.21060572613589e-06,1.68316295639119e-05,7.01964274439642e-06,9.57929147992219e-06,1.93912782994376e-07,2.75356151852014e-06,7.98920665936831e-06,2.48208362232802e-06,2.52086617892689e-06,3.49043009389877e-07,8.53216245175256e-07,1458,25784788,2.28041432801387e-05,1.32248518002165e-05,3.72312543349203e-06,1.6792847007313e-05
"ProtoScript II Reverse Transcriptase","5mU",3.24184942322636e-06,2.17667032702341e-06,1.80154203662151e-05,7.68781434650823e-06,1.22264035390251e-05,5.55745615410233e-07,2.68610380781613e-06,8.52143276962357e-06,3.24184942322636e-06,2.50085526934605e-06,7.40994153880311e-07,6.94682019262791e-07,1345,21592613,2.34339401164648e-05,1.44493860006661e-05,3.93653144248915e-06,2.04699635009436e-05
"ProtoScript II Reverse Transcriptase","5hmU",3.30429267450988e-06,1.72004276207364e-06,1.71098990543114e-05,6.60858534901976e-06,1.12255422366911e-05,4.97907115337105e-07,2.85164984238524e-06,7.60439957969397e-06,2.35374272704813e-06,1.99162846134842e-06,4.52642832124641e-07,7.24228531399426e-07,1247,22092474,2.2134234490895e-05,1.28097921491273e-05,3.16849982487249e-06,1.8332034701048e-05
"M-MuLV Reverse Transcriptase","Regular",4.5790505582487e-06,2.31925937365844e-06,2.44414257070158e-05,1.0466401275997e-05,1.45102381326323e-05,5.35213701613485e-07,2.49766394086293e-06,1.20125741917693e-05,3.74649591129439e-06,2.67606850806742e-06,8.92022836022475e-07,1.1893637813633e-06,1343,16815713,3.1339735638923e-05,1.82567340439267e-05,4.7574551254532e-06,2.55118531102428e-05
"M-MuLV Reverse Transcriptase","N6mA",3.63378489705326e-06,2.82627714215253e-06,2.42252326470217e-05,9.52859150782855e-06,1.38891333842925e-05,9.69009305880869e-07,3.47228334607311e-06,1.21933670990009e-05,4.76429575391427e-06,2.58402481568232e-06,5.65255428430507e-07,8.07507754900724e-07,984,12383782,3.06852946862275e-05,2.04299461989883e-05,3.95678799901355e-06,2.43867341980019e-05
"M-MuLV Reverse Transcriptase","P-U",3.72647988380397e-06,2.8496610876148e-06,2.34549027980603e-05,1.00103479231597e-05,1.08871667193489e-05,3.65341165078821e-07,2.26511522348869e-06,1.28600090107745e-05,2.8496610876148e-06,2.26511522348869e-06,6.57614097141878e-07,1.09602349523646e-06,1003,13685838,3.00310437694791e-05,1.7974785321878e-05,4.01875281586703e-06,2.12628558075874e-05
"M-MuLV Reverse Transcriptase","5mC",4.392955105756e-06,2.36121336934385e-06,2.9652446963853e-05,5.87557745394865e-06,8.62117439504615e-06,5.491193882195e-07,3.9536595951804e-06,9.60958929384125e-06,2.9652446963853e-06,3.02015663520725e-06,1.04332683761705e-06,1.2080626540829e-06,1334,18210976,3.64066154389529e-05,1.6528493585407e-05,5.2715461269072e-06,1.50458712372143e-05
"M-MuLV Reverse Transcriptase","5mU",3.96109846581336e-06,1.95098879659464e-06,2.76094475154453e-05,5.85296638978391e-06,8.33604303999527e-06,5.32087853616719e-07,3.13340624907624e-06,9.22285612935647e-06,3.48813148482072e-06,1.59626356085016e-06,7.68571344113039e-07,7.09450471488959e-07,1136,16914500,3.35215347778533e-05,1.58443938632534e-05,3.07428537645216e-06,1.47210972833959e-05
"M-MuLV Reverse Transcriptase","5hmU",2.66345995194299e-06,1.98052150272684e-06,2.58833672252921e-05,5.53180143865082e-06,8.67331830504511e-06,8.87819983980996e-07,3.41469224608075e-06,9.01478752965319e-06,2.59516610702137e-06,2.45857841717814e-06,6.14644604294536e-07,6.14644604294536e-07,942,14642608,3.05273486799619e-05,1.50246458827553e-05,3.68786762576721e-06,1.50929397276769e-05
"AMV Reverse Transcriptase","Regular",1.79481012703666e-06,9.87145569870163e-07,3.08707341850306e-05,6.28183544462831e-07,2.51273417785133e-06,1.79481012703666e-07,1.16662658257383e-06,5.38443038110998e-06,1.79481012703666e-07,1.70506962068483e-06,4.48702531759165e-07,7.17924050814664e-07,519,11143240,3.36526898819374e-05,6.73053797638748e-06,2.87169620325866e-06,3.32039873501782e-06
"AMV Reverse Transcriptase","N6mA",2.56327578867577e-06,1.59099876538496e-06,3.2261919409195e-05,8.83888202991643e-07,1.85616522628245e-06,8.83888202991643e-08,1.14905466388914e-06,7.77821618632646e-06,4.41944101495822e-07,1.50260994508579e-06,8.83888202991643e-08,5.30332921794986e-07,574,11313648,3.64161939632557e-05,9.36921495171142e-06,2.12133168717994e-06,2.82844224957326e-06
"AMV Reverse Transcriptase","P-U",2.05466732916699e-06,1.84211553649454e-06,2.88361932058953e-05,9.2105776824727e-07,2.90487449985678e-06,1.41701195114965e-07,1.62956374382209e-06,7.01420915819075e-06,4.95954182902376e-07,2.05466732916699e-06,4.25103585344894e-07,7.79356573132306e-07,693,14114207,3.27329760715568e-05,9.13972708491522e-06,3.25912748764419e-06,3.96763346321901e-06
"AMV Reverse Transcriptase","5mC",1.4862169478768e-06,1.73391977252294e-06,3.01371769986129e-05,7.43108473938401e-07,1.65135216430756e-06,8.25676082153779e-08,1.56878455609218e-06,5.6145973586457e-06,4.95405649292268e-07,1.89905498895369e-06,4.1283804107689e-07,5.77973257507646e-07,562,12111287,3.33573137190127e-05,7.67878756403015e-06,2.88986628753823e-06,2.47702824646134e-06
"AMV Reverse Transcriptase","5mU",1.51237790573167e-06,1.20990232458534e-06,3.32723139260967e-05,8.06601549723558e-07,2.21815426173978e-06,1.00825193715445e-07,1.51237790573167e-06,6.65446278521935e-06,2.01650387430889e-07,1.61320309944712e-06,2.01650387430889e-07,5.04125968577223e-07,494,9918156,3.59945941564138e-05,8.36849107838191e-06,2.31897945545523e-06,3.12558100517879e-06
"AMV Reverse Transcriptase","5hmU",1.70832496823541e-06,1.16166097840008e-06,3.17748444091785e-05,1.02499498094124e-06,2.9383189453649e-06,2.73331994917665e-07,1.70832496823541e-06,6.01330388818863e-06,7.51662986023578e-07,2.59665395171782e-06,4.09997992376497e-07,4.78330991105914e-07,744,14634218,3.4644830355814e-05,8.47329184244761e-06,3.48498293520023e-06,4.23664592122381e-06
"Bst 2.0 DNA Polymerase","Regular",8.45828332373318e-07,4.13516073604733e-06,2.26494031224411e-05,6.67264573316729e-06,4.60506536514362e-06,1.87961851638515e-07,1.69165666474664e-06,5.16895092005917e-06,6.01477925243248e-06,3.1013705520355e-06,4.69904629096288e-07,1.03379018401183e-06,602,10640457,2.76303921908617e-05,1.28753868372383e-05,4.60506536514362e-06,1.14656729499494e-05
"Bst 3.0 DNA Polymerase","Regular",1.33734666113203e-06,2.08031702842761e-06,2.3329269533081e-05,6.53813923220105e-06,6.01805997509415e-06,7.42970367295574e-07,1.41164369786159e-06,3.86344590993698e-06,7.35540663622618e-06,3.86344590993698e-06,2.97188146918229e-07,1.0401585142138e-06,779,13459487,2.67469332226407e-05,1.26304962440248e-05,5.20079257106902e-06,1.32991695745908e-05
